Age_band_of_driver,sexe,Educational_level,Vehicle_driver_relation,Driving_experience,Lanes_or_Medians,Types_of_Junction,Road_surface_type,Light_conditions,Weather_conditions,Type_of_collision,Vehicle_movement,Pedestrian_movement,Cause_of_accident,Accident_severity,Day_of_week,hour
18-30,M,Junior high school,Employee,Above 10yr,Undivided Two way,Crossing,Asphalt roads,Daylight,Normal,Vehicle with vehicle collision,Going straight,Not a Pedestrian,Overtaking,2,Sunday,19
18-30,M,Junior high school,Owner,5-10yr,Undivided Two way,Crossing,Asphalt roads,Daylight,Normal,Collision with roadside-parked vehicles,Getting off,Not a Pedestrian,Other,2,Sunday,19
18-30,M,Elementary school,Employee,2-5yr,Two-way (divided with broken lines road marking),No junction,Asphalt roads,Daylight,Other,Collision with roadside-parked vehicles,Getting off,Not a Pedestrian,Driving to the left,2,Thursday,18
31-50,M,Junior high school,Employee,2-5yr,Two-way (divided with broken lines road marking),Y Shape,Asphalt roads,Daylight,Normal,Collision with animals,Reversing,Crossing from nearside - masked by parked or statioNot a Pedestrianry vehicle,Overtaking,1,Thursday,17
Under 18,M,Junior high school,Employee,Below 1yr,Undivided Two way,Y Shape,Other,Daylight,Normal,Collision with animals,Turnover,Not a Pedestrian,No priority to vehicle,2,Thursday,15
18-30,M,Junior high school,Employee,2-5yr,Two-way (divided with broken lines road marking),Y Shape,Asphalt roads,Daylight,Normal,Collision with animals,Moving Backward,Not a Pedestrian,Moving Backward,2,Thursday,15
51,M,Junior high school,Employee,2-5yr,Undivided Two way,Y Shape,Asphalt roads,Daylight,Normal,Collision with animals,Going straight,Not a Pedestrian,Other,2,Sunday,15
18-30,M,Elementary school,Employee,5-10yr,Double carriageway (median),Y Shape,Asphalt roads,Daylight,Normal,Collision with animals,Going straight,Not a Pedestrian,No priority to vehicle,2,Friday,8
51,M,Junior high school,Employee,Above 10yr,Two-way (divided with broken lines road marking),Y Shape,Asphalt roads,Daylight,Normal,Collision with animals,Going straight,Not a Pedestrian,No priority to pedestrian,2,Friday,8
31-50,M,Unknown,Unknown,Unknown,Two-way (divided with broken lines road marking),Y Shape,Asphalt roads,Daylight,Normal,Collision with animals,Going straight,Not a Pedestrian,Changing lane to the right,2,Monday,18
31-50,M,Junior high school,Employee,2-5yr,Undivided Two way,Y Shape,Asphalt roads,Daylight,Normal,Collision with animals,Reversing,Not a Pedestrian,Changing lane to the right,2,Monday,18
31-50,M,Junior high school,Employee,5-10yr,Two-way (divided with broken lines road marking),Y Shape,Asphalt roads,Daylight,Normal,Collision with animals,Going straight,Not a Pedestrian,Changing lane to the right,2,Monday,18
31-50,M,Above high school,Employee,2-5yr,Double carriageway (median),Y Shape,Other,Daylight,Normal,Collision with animals,Going straight,Not a Pedestrian,Driving to the left,2,Monday,18
18-30,M,Unknown,Unknown,Unknown,Two-way (divided with broken lines road marking),Y Shape,Asphalt roads,Daylight,Normal,Collision with animals,Going straight,Not a Pedestrian,Changing lane to the left,2,Monday,18
18-30,M,Unknown,Employee,1-2yr,Two-way (divided with broken lines road marking),Y Shape,Asphalt roads,Daylight,Normal,Collision with animals,Going straight,Not a Pedestrian,Moving Backward,2,Monday,18
18-30,M,Junior high school,Employee,2-5yr,Unknown,Y Shape,Asphalt roads,Daylight,Normal,Other,Getting off,Not a Pedestrian,Driving at high speed,2,Monday,18
31-50,M,Junior high school,Employee,Above 10yr,Double carriageway (median),Y Shape,Asphalt roads,Daylight,Normal,Rollover,Going straight,Not a Pedestrian,Moving Backward,2,Sunday,7
18-30,M,Junior high school,Employee,Below 1yr,Two-way (divided with broken lines road marking),Crossing,Asphalt roads,Daylight,Normal,Collision with animals,Going straight,Not a Pedestrian,No distancing,2,Saturday,13
18-30,M,Junior high school,Employee,2-5yr,Two-way (divided with broken lines road marking),Crossing,Asphalt roads,Daylight,Normal,Rollover,Going straight,Not a Pedestrian,Other,2,Saturday,13
18-30,X,Junior high school,Employee,Below 1yr,One way,Crossing,Asphalt roads,Daylight,Normal,Collision with animals,Going straight,Not a Pedestrian,No priority to vehicle,2,Friday,17
18-30,M,High school,Employee,5-10yr,Undivided Two way,Crossing,Asphalt roads,Daylight,Normal,Collision with animals,Reversing,Not a Pedestrian,Changing lane to the right,2,Friday,17
18-30,F,Above high school,Employee,1-2yr,Undivided Two way,No junction,Unknown,Daylight,Normal,Vehicle with vehicle collision,Moving Backward,Crossing from nearside - masked by parked or statioNot a Pedestrianry vehicle,Other,1,Friday,9
31-50,M,Junior high school,Employee,Below 1yr,other,No junction,Other,Daylight,Normal,Fall from vehicles,Going straight,Not a Pedestrian,No distancing,1,Friday,9
18-30,M,Unknown,Unknown,Unknown,Two-way (divided with broken lines road marking),Y Shape,Asphalt roads,Daylight,Normal,Collision with roadside-parked vehicles,Going straight,Not a Pedestrian,Driving carelessly,1,Saturday,9
18-30,M,High school,Employee,Below 1yr,Undivided Two way,Y Shape,Asphalt roads,Daylight,Normal,Collision with roadside-parked vehicles,Going straight,Not a Pedestrian,No distancing,1,Saturday,9
31-50,M,High school,Employee,Below 1yr,Two-way (divided with broken lines road marking),No junction,Asphalt roads,Darkness - lights lit,Normal,Rollover,Going straight,Not a Pedestrian,Moving Backward,2,Saturday,20
18-30,M,Unknown,Unknown,Unknown,Double carriageway (median),Y Shape,Asphalt roads,Daylight,Normal,Collision with animals,Going straight,Not a Pedestrian,No distancing,2,Sunday,15
31-50,M,High school,Employee,2-5yr,Undivided Two way,Y Shape,Asphalt roads with some distress,Daylight,Normal,Collision with animals,Going straight,Not a Pedestrian,Moving Backward,2,Sunday,15
18-30,M,Junior high school,Employee,Above 10yr,Undivided Two way,Y Shape,Unknown,Daylight,Normal,Fall from vehicles,Turnover,Not a Pedestrian,No priority to pedestrian,2,Tuesday,17
31-50,M,Junior high school,Employee,Above 10yr,Two-way (divided with broken lines road marking),Y Shape,Asphalt roads,Daylight,Normal,Collision with roadside-parked vehicles,Going straight,Not a Pedestrian,Changing lane to the left,2,Tuesday,17
18-30,M,Junior high school,Employee,5-10yr,Double carriageway (median),No junction,Asphalt roads,Darkness - lights lit,Normal,Collision with animals,Other,Crossing from nearside - masked by parked or statioNot a Pedestrianry vehicle,No distancing,1,Friday,20
31-50,M,Junior high school,Employee,1-2yr,Undivided Two way,No junction,Asphalt roads,Daylight,Normal,Collision with animals,Going straight,Not a Pedestrian,Other,1,Thursday,10
31-50,M,Unknown,Employee,Below 1yr,other,Unknown,Asphalt roads,Daylight,Normal,Collision with pedestrians,Going straight,Not a Pedestrian,No distancing,2,Thursday,7
18-30,M,Junior high school,Employee,Below 1yr,Two-way (divided with broken lines road marking),Unknown,Earth roads,Daylight,Normal,Vehicle with vehicle collision,Going straight,Not a Pedestrian,No priority to pedestrian,2,Thursday,7
18-30,M,High school,Employee,2-5yr,Undivided Two way,No junction,Asphalt roads,Daylight,Normal,Vehicle with vehicle collision,Going straight,Not a Pedestrian,Moving Backward,2,Thursday,9
31-50,M,Junior high school,Owner,1-2yr,Undivided Two way,Y Shape,Asphalt roads,Darkness - lights lit,Normal,Collision with pedestrians,Going straight,Not a Pedestrian,No priority to pedestrian,2,Tuesday,19
51,M,Junior high school,Employee,5-10yr,Double carriageway (median),Y Shape,Asphalt roads,Darkness - lights lit,Normal,Vehicle with vehicle collision,Moving Backward,Not a Pedestrian,No distancing,2,Tuesday,19
18-30,M,Elementary school,Employee,2-5yr,Undivided Two way,Y Shape,Asphalt roads,Darkness - lights lit,Normal,Collision with roadside objects,Moving Backward,Not a Pedestrian,No priority to pedestrian,2,Tuesday,19
18-30,M,Elementary school,Owner,5-10yr,Undivided Two way,Crossing,Asphalt roads,Daylight,Normal,Vehicle with vehicle collision,Moving Backward,Not a Pedestrian,Driving carelessly,2,Tuesday,18
31-50,M,Junior high school,Employee,Above 10yr,other,Y Shape,Asphalt roads,Daylight,Normal,Vehicle with vehicle collision,Other,Not a Pedestrian,Getting off the vehicle improperly,2,Monday,17
18-30,M,Junior high school,Employee,5-10yr,Two-way (divided with broken lines road marking),Y Shape,Asphalt roads,Daylight,Normal,Vehicle with vehicle collision,Going straight,Not a Pedestrian,Driving carelessly,2,Monday,17
51,M,High school,Employee,5-10yr,Two-way (divided with broken lines road marking),Crossing,Asphalt roads,Daylight,Raining,Rollover,Unknown,Not a Pedestrian,Changing lane to the left,2,Tuesday,17
18-30,M,Junior high school,Employee,5-10yr,Undivided Two way,Crossing,Asphalt roads,Daylight,Raining,Vehicle with vehicle collision,Turnover,Not a Pedestrian,Moving Backward,2,Tuesday,17
18-30,M,Junior high school,Employee,Above 10yr,Double carriageway (median),Crossing,Asphalt roads,Daylight,Normal,Vehicle with vehicle collision,Getting off,Not a Pedestrian,Overtaking,2,Thursday,8
31-50,M,Junior high school,Unknown,1-2yr,Double carriageway (median),Crossing,Asphalt roads,Daylight,Normal,Vehicle with vehicle collision,Going straight,Not a Pedestrian,Changing lane to the left,2,Thursday,8
18-30,M,Junior high school,Employee,2-5yr,Two-way (divided with broken lines road marking),Unknown,Gravel roads,Daylight,Normal,Collision with pedestrians,Going straight,Not a Pedestrian,Changing lane to the right,1,Monday,9
31-50,M,Junior high school,Employee,1-2yr,Two-way (divided with broken lines road marking),Unknown,Asphalt roads,Daylight,Normal,Vehicle with vehicle collision,Going straight,Not a Pedestrian,Overtaking,1,Monday,9
51,M,Unknown,Unknown,Unknown,Two-way (divided with broken lines road marking),Crossing,Asphalt roads,Darkness - lights lit,Normal,Collision with roadside objects,Turnover,Not a Pedestrian,Overloading,2,Sunday,20
51,M,Elementary school,Employee,5-10yr,Two-way (divided with broken lines road marking),Crossing,Asphalt roads,Darkness - lights lit,Normal,Vehicle with vehicle collision,Reversing,Not a Pedestrian,Other,2,Sunday,20
51,M,Junior high school,Employee,5-10yr,Double carriageway (median),No junction,Asphalt roads,Darkness - lights lit,Normal,Rollover,Moving Backward,Unknown or other,No priority to vehicle,2,Thursday,5
31-50,M,Junior high school,Employee,Above 10yr,Double carriageway (median),No junction,Asphalt roads,Darkness - lights lit,Normal,Vehicle with vehicle collision,Other,Not a Pedestrian,Changing lane to the right,2,Thursday,5
31-50,M,Junior high school,Employee,2-5yr,Two-way (divided with broken lines road marking),Y Shape,Asphalt roads,Darkness - lights lit,Normal,Vehicle with vehicle collision,Going straight,Unknown or other,Moving Backward,1,Friday,20
18-30,M,Junior high school,Owner,Above 10yr,Two-way (divided with broken lines road marking),Y Shape,Asphalt roads,Darkness - lights lit,Normal,Vehicle with vehicle collision,Going straight,Crossing from nearside - masked by parked or statioNot a Pedestrianry vehicle,Changing lane to the left,1,Friday,20
18-30,M,Junior high school,Employee,2-5yr,Two-way (divided with broken lines road marking),Y Shape,Asphalt roads,Darkness - lights lit,Normal,Vehicle with vehicle collision,Going straight,Not a Pedestrian,No priority to pedestrian,1,Friday,20
18-30,M,Elementary school,Other,5-10yr,other,No junction,Asphalt roads,Darkness - lights lit,Normal,Vehicle with vehicle collision,Going straight,Not a Pedestrian,No distancing,2,Tuesday,20
31-50,M,Elementary school,Employee,5-10yr,Two-way (divided with broken lines road marking),No junction,Asphalt roads,Darkness - lights lit,Normal,Collision with roadside objects,Going straight,Not a Pedestrian,No priority to vehicle,2,Tuesday,20
18-30,M,Junior high school,Unknown,5-10yr,Two-way (divided with broken lines road marking),No junction,Asphalt roads,Darkness - lights lit,Normal,Vehicle with vehicle collision,Going straight,Not a Pedestrian,No distancing,2,Tuesday,20
18-30,M,Junior high school,Employee,5-10yr,Two-way (divided with broken lines road marking),No junction,Asphalt roads,Daylight,Normal,Vehicle with vehicle collision,Going straight,Not a Pedestrian,No distancing,2,Monday,16
51,M,Elementary school,Employee,Above 10yr,Two-way (divided with broken lines road marking),No junction,Asphalt roads,Daylight,Normal,Collision with roadside objects,Going straight,Not a Pedestrian,Moving Backward,2,Monday,16
Unknown,M,Junior high school,Unknown,Below 1yr,Unknown,No junction,Asphalt roads,Darkness - lights lit,Normal,Collision with roadside objects,Going straight,Not a Pedestrian,Changing lane to the right,1,Tuesday,20
18-30,M,Junior high school,Employee,5-10yr,Two-way (divided with broken lines road marking),No junction,Asphalt roads,Darkness - lights lit,Normal,Vehicle with vehicle collision,Other,Crossing from driver's nearside,No priority to pedestrian,1,Tuesday,20
31-50,M,Elementary school,Employee,1-2yr,Undivided Two way,Y Shape,Asphalt roads,Daylight,Normal,Vehicle with vehicle collision,Moving Backward,Crossing from nearside - masked by parked or statioNot a Pedestrianry vehicle,Moving Backward,2,Monday,15
18-30,M,Unknown,Unknown,Unknown,Undivided Two way,Y Shape,Asphalt roads,Daylight,Normal,Vehicle with vehicle collision,Going straight,Not a Pedestrian,Getting off the vehicle improperly,1,Monday,15
Under 18,M,Junior high school,Employee,Above 10yr,One way,Other,Asphalt roads,Darkness - lights lit,Normal,Vehicle with vehicle collision,Moving Backward,Not a Pedestrian,Overtaking,1,Friday,22
18-30,M,High school,Owner,2-5yr,Two-way (divided with broken lines road marking),Other,Asphalt roads,Darkness - lights lit,Normal,Collision with roadside objects,Going straight,Not a Pedestrian,Overloading,1,Friday,22
18-30,M,Junior high school,Employee,1-2yr,One way,Y Shape,Asphalt roads,Darkness - lights lit,Normal,Vehicle with vehicle collision,Moving Backward,Not a Pedestrian,Changing lane to the right,2,Saturday,23
18-30,M,Junior high school,Employee,1-2yr,Two-way (divided with broken lines road marking),Crossing,Asphalt roads,Daylight,Normal,Vehicle with vehicle collision,Unknown,Not a Pedestrian,Improper parking,2,Thursday,16
31-50,M,Above high school,Owner,2-5yr,Double carriageway (median),Crossing,Other,Daylight,Normal,Vehicle with vehicle collision,Going straight,Not a Pedestrian,Other,2,Thursday,16
Unknown,F,Unknown,Unknown,Unknown,Unknown,No junction,Unknown,Darkness - no lighting,Normal,Vehicle with vehicle collision,Going straight,Not a Pedestrian,Changing lane to the left,2,Monday,6
Under 18,M,Elementary school,Owner,2-5yr,Unknown,Y Shape,Asphalt roads,Daylight,Normal,Vehicle with vehicle collision,Going straight,Not a Pedestrian,Changing lane to the right,2,Thursday,15
51,M,Junior high school,Employee,1-2yr,other,Y Shape,Asphalt roads,Daylight,Normal,Vehicle with vehicle collision,Going straight,Crossing from nearside - masked by parked or statioNot a Pedestrianry vehicle,No priority to pedestrian,2,Thursday,15
18-30,M,Unknown,Owner,5-10yr,Unknown,Y Shape,Asphalt roads,Daylight,Normal,Collision with roadside objects,Other,Not a Pedestrian,Overspeed,2,Saturday,17
31-50,M,Junior high school,Employee,Below 1yr,One way,Y Shape,Asphalt roads,Daylight,Normal,Vehicle with vehicle collision,Going straight,Not a Pedestrian,Changing lane to the left,2,Saturday,17
51,M,Junior high school,Employee,2-5yr,Undivided Two way,Y Shape,Asphalt roads,Daylight,Normal,Collision with pedestrians,Moving Backward,Not a Pedestrian,No priority to vehicle,2,Saturday,17
18-30,M,Junior high school,Employee,5-10yr,Two-way (divided with broken lines road marking),Crossing,Asphalt roads,Daylight,Normal,Collision with roadside objects,Moving Backward,Not a Pedestrian,Changing lane to the right,2,Monday,13
18-30,M,Junior high school,Employee,Above 10yr,Two-way (divided with broken lines road marking),Crossing,Asphalt roads,Daylight,Normal,Collision with roadside objects,Moving Backward,Not a Pedestrian,No distancing,2,Monday,13
31-50,M,Elementary school,Employee,2-5yr,Two-way (divided with broken lines road marking),Crossing,Asphalt roads,Daylight,Normal,Vehicle with vehicle collision,Going straight,Not a Pedestrian,No priority to pedestrian,2,Monday,13
51,M,Elementary school,Owner,Above 10yr,Two-way (divided with broken lines road marking),No junction,Asphalt roads,Daylight,Normal,Rollover,Going straight,Not a Pedestrian,No distancing,2,Wednesday,11
Unknown,F,Junior high school,Employee,1-2yr,other,No junction,Asphalt roads,Daylight,Normal,Vehicle with vehicle collision,Going straight,Not a Pedestrian,No priority to vehicle,2,Wednesday,11
18-30,M,Junior high school,Employee,5-10yr,other,No junction,Asphalt roads,Daylight,Normal,Vehicle with vehicle collision,Going straight,Not a Pedestrian,Other,2,Friday,8
31-50,M,Junior high school,Employee,2-5yr,Two-way (divided with broken lines road marking),No junction,Asphalt roads,Daylight,Normal,Vehicle with vehicle collision,Other,Not a Pedestrian,Driving carelessly,2,Friday,8
Under 18,M,Junior high school,Employee,2-5yr,Undivided Two way,Y Shape,Other,Daylight,Normal,Vehicle with vehicle collision,Going straight,Not a Pedestrian,Changing lane to the left,2,Thursday,14
31-50,M,Junior high school,Employee,2-5yr,other,Y Shape,Asphalt roads,Daylight,Normal,Vehicle with vehicle collision,Going straight,Unknown or other,Driving carelessly,2,Thursday,14
18-30,M,Junior high school,Employee,2-5yr,other,No junction,Asphalt roads,Daylight,Normal,Vehicle with vehicle collision,Going straight,Not a Pedestrian,Changing lane to the left,2,Thursday,17
31-50,M,Junior high school,Employee,Above 10yr,Undivided Two way,No junction,Asphalt roads,Daylight,Normal,Vehicle with vehicle collision,Reversing,Not a Pedestrian,No priority to vehicle,2,Thursday,17
Under 18,M,Junior high school,Employee,Above 10yr,other,Y Shape,Asphalt roads,Daylight,Raining,Vehicle with vehicle collision,Moving Backward,Not a Pedestrian,No distancing,2,Friday,7
18-30,M,Elementary school,Employee,5-10yr,Undivided Two way,Y Shape,Asphalt roads,Daylight,Raining,Collision with roadside objects,Going straight,Not a Pedestrian,Changing lane to the right,2,Friday,7
Unknown,F,Unknown,Employee,Unknown,Undivided Two way,Y Shape,Asphalt roads,Darkness - lights lit,Raining,Vehicle with vehicle collision,Going straight,Not a Pedestrian,Changing lane to the right,2,Wednesday,4
18-30,M,Unknown,Employee,2-5yr,Double carriageway (median),Y Shape,Asphalt roads,Darkness - lights lit,Raining,Vehicle with vehicle collision,Reversing,Not a Pedestrian,Driving at high speed,2,Wednesday,4
18-30,M,Elementary school,Employee,5-10yr,other,Crossing,Asphalt roads,Daylight,Raining,Vehicle with vehicle collision,Going straight,Not a Pedestrian,No distancing,2,Saturday,10
31-50,M,Junior high school,Employee,5-10yr,Two-way (divided with broken lines road marking),Crossing,Asphalt roads,Daylight,Raining,Vehicle with vehicle collision,Reversing,Not a Pedestrian,Changing lane to the right,2,Saturday,10
18-30,M,Junior high school,Employee,Above 10yr,Unknown,No junction,Other,Darkness - lights lit,Raining,Collision with pedestrians,Other,Crossing from nearside - masked by parked or statioNot a Pedestrianry vehicle,Changing lane to the left,2,Friday,17
51,M,Junior high school,Employee,5-10yr,Undivided Two way,No junction,Asphalt roads,Darkness - lights lit,Raining,Vehicle with vehicle collision,Unknown,Not a Pedestrian,Getting off the vehicle improperly,2,Friday,17
18-30,M,Junior high school,Employee,Above 10yr,other,Y Shape,Asphalt roads,Daylight,Raining,Vehicle with vehicle collision,Going straight,Not a Pedestrian,Other,2,Friday,13
51,M,Elementary school,Employee,Below 1yr,other,Y Shape,Unknown,Daylight,Raining,Vehicle with vehicle collision,Going straight,Not a Pedestrian,Other,2,Friday,13
18-30,M,Elementary school,Employee,5-10yr,other,Y Shape,Asphalt roads,Daylight,Raining,Vehicle with vehicle collision,Going straight,Not a Pedestrian,No distancing,2,Friday,13
18-30,M,Elementary school,Employee,1-2yr,Unknown,Crossing,Asphalt roads,Darkness - lights lit,Normal,Vehicle with vehicle collision,Going straight,Not a Pedestrian,No priority to vehicle,2,Wednesday,1
31-50,M,Elementary school,Employee,5-10yr,Undivided Two way,Crossing,Asphalt roads,Darkness - lights lit,Normal,Vehicle with vehicle collision,Going straight,Not a Pedestrian,Overtaking,2,Wednesday,1
51,M,Elementary school,Employee,5-10yr,other,No junction,Earth roads,Darkness - lights lit,Normal,Collision with roadside objects,Going straight,Not a Pedestrian,No priority to pedestrian,2,Wednesday,17
18-30,M,Elementary school,Employee,2-5yr,other,Y Shape,Asphalt roads,Darkness - lights lit,Normal,Vehicle with vehicle collision,Going straight,Crossing from nearside - masked by parked or statioNot a Pedestrianry vehicle,No distancing,2,Wednesday,19
18-30,M,Elementary school,Employee,5-10yr,Undivided Two way,Y Shape,Asphalt roads,Darkness - lights lit,Normal,Vehicle with vehicle collision,Going straight,Not a Pedestrian,Changing lane to the right,2,Wednesday,19
18-30,M,Unknown,Unknown,5-10yr,other,Y Shape,Asphalt roads,Daylight,Normal,Vehicle with vehicle collision,Going straight,Not a Pedestrian,Driving carelessly,2,Sunday,11
18-30,M,Junior high school,Employee,Above 10yr,Undivided Two way,Y Shape,Asphalt roads,Daylight,Normal,Vehicle with vehicle collision,Going straight,Not a Pedestrian,Changing lane to the right,2,Sunday,11
Under 18,X,Junior high school,Employee,Above 10yr,Double carriageway (median),Crossing,Asphalt roads,Darkness - lights lit,Normal,Vehicle with vehicle collision,Going straight,Not a Pedestrian,Overtaking,2,Wednesday,20
31-50,M,Elementary school,Employee,Below 1yr,other,Crossing,Asphalt roads,Darkness - lights lit,Normal,Vehicle with vehicle collision,Going straight,Not a Pedestrian,Other,2,Wednesday,20
Unknown,F,Elementary school,Employee,5-10yr,Undivided Two way,Y Shape,Asphalt roads,Darkness - lights lit,Cloudy,Vehicle with vehicle collision,Going straight,Not a Pedestrian,Driving to the left,1,Wednesday,18
51,M,Elementary school,Owner,5-10yr,One way,Y Shape,Asphalt roads,Darkness - lights lit,Cloudy,Vehicle with vehicle collision,Going straight,"In carriageway, statioNot a Pedestrianry - not crossing  (standing or playing)",Driving at high speed,18:45:00,,
18-30,M,Elementary school,Employee,2-5yr,Undivided Two way,Y Shape,Asphalt roads,Daylight,Normal,Rollover,Going straight,Not a Pedestrian,Unknown,2,Saturday,11
51,M,Elementary school,Employee,Above 10yr,other,Y Shape,Asphalt roads,Daylight,Normal,Vehicle with vehicle collision,Moving Backward,Not a Pedestrian,Changing lane to the right,2,Saturday,11
51,M,Elementary school,Employee,2-5yr,other,Y Shape,Asphalt roads,Daylight,Normal,Vehicle with vehicle collision,Going straight,Not a Pedestrian,No distancing,2,Saturday,11
18-30,M,Junior high school,Employee,Above 10yr,One way,Y Shape,Asphalt roads,Daylight,Normal,Vehicle with vehicle collision,Going straight,Not a Pedestrian,Other,2,Saturday,11
Unknown,F,Junior high school,Employee,Below 1yr,One way,No junction,Asphalt roads,Darkness - lights lit,Normal,Collision with roadside objects,Going straight,Not a Pedestrian,No priority to vehicle,1,Wednesday,17
31-50,M,Junior high school,Employee,2-5yr,Undivided Two way,Crossing,Asphalt roads,Daylight,Raining,Vehicle with vehicle collision,Unknown,Not a Pedestrian,Changing lane to the left,2,Wednesday,7
31-50,M,Elementary school,Employee,5-10yr,other,Crossing,Asphalt roads,Daylight,Raining,Vehicle with vehicle collision,Turnover,Crossing from nearside - masked by parked or statioNot a Pedestrianry vehicle,No priority to pedestrian,2,Wednesday,7
31-50,M,Elementary school,Employee,5-10yr,Undivided Two way,Crossing,Asphalt roads,Darkness - lights lit,Raining,Vehicle with vehicle collision,Going straight,Not a Pedestrian,Overtaking,2,Wednesday,18
31-50,M,Elementary school,Employee,1-2yr,other,Crossing,Asphalt roads,Darkness - lights lit,Raining,Collision with roadside objects,Going straight,Not a Pedestrian,Driving carelessly,2,Wednesday,18
31-50,M,Elementary school,Employee,Unknown,other,Y Shape,Earth roads,Daylight,Normal,Vehicle with vehicle collision,Going straight,Not a Pedestrian,No priority to vehicle,2,Sunday,13
51,M,Junior high school,Employee,1-2yr,Double carriageway (median),Y Shape,Asphalt roads,Daylight,Normal,Vehicle with vehicle collision,Going straight,Not a Pedestrian,No priority to pedestrian,2,Sunday,13
31-50,M,Unknown,Employee,5-10yr,Undivided Two way,Y Shape,Asphalt roads,Darkness - lights lit,Raining,Vehicle with vehicle collision,Going straight,Not a Pedestrian,Changing lane to the right,2,Tuesday,16
31-50,M,Elementary school,Owner,1-2yr,other,Y Shape,Asphalt roads,Daylight,Raining,Vehicle with vehicle collision,Going straight,Not a Pedestrian,Driving carelessly,2,Wednesday,8
31-50,F,Junior high school,Employee,5-10yr,other,Y Shape,Asphalt roads,Darkness - lights lit,Raining,Collision with roadside objects,Going straight,Not a Pedestrian,Changing lane to the right,1,Wednesday,16
18-30,M,Junior high school,Employee,2-5yr,Two-way (divided with solid lines road marking),Y Shape,Asphalt roads,Darkness - lights lit,Raining,Vehicle with vehicle collision,Going straight,Not a Pedestrian,Changing lane to the right,1,Wednesday,16
31-50,M,Junior high school,Employee,2-5yr,Undivided Two way,No junction,Asphalt roads,Darkness - lights lit,Windy,Vehicle with vehicle collision,Going straight,Not a Pedestrian,Changing lane to the left,1,Saturday,22
31-50,M,Junior high school,Employee,5-10yr,Undivided Two way,Y Shape,Asphalt roads,Daylight,Normal,Vehicle with vehicle collision,Turnover,Not a Pedestrian,Overturning,2,Saturday,13
18-30,M,Junior high school,Owner,Below 1yr,other,Y Shape,Asphalt roads,Daylight,Normal,Vehicle with vehicle collision,Unknown,Not a Pedestrian,Driving carelessly,2,Saturday,13
18-30,M,High school,Employee,Below 1yr,Undivided Two way,Y Shape,Asphalt roads,Daylight,Normal,Vehicle with vehicle collision,Reversing,Not a Pedestrian,No distancing,2,Saturday,13
18-30,M,Junior high school,Employee,Unknown,Undivided Two way,Unknown,Asphalt roads,Daylight,Cloudy,Collision with pedestrians,Other,Not a Pedestrian,Driving carelessly,2,Saturday,13
18-30,M,Junior high school,Employee,Below 1yr,Double carriageway (median),Unknown,Earth roads,Daylight,Cloudy,Vehicle with vehicle collision,Going straight,Not a Pedestrian,Changing lane to the left,2,Saturday,13
18-30,F,Junior high school,Employee,2-5yr,Undivided Two way,Unknown,Asphalt roads,Daylight,Cloudy,Vehicle with vehicle collision,Going straight,Not a Pedestrian,No priority to vehicle,2,Saturday,13
31-50,M,Junior high school,Employee,2-5yr,other,Y Shape,Asphalt roads,Daylight,Normal,Collision with roadside objects,Turnover,Not a Pedestrian,Changing lane to the right,2,Friday,15
31-50,M,Junior high school,Employee,5-10yr,other,Y Shape,Asphalt roads,Daylight,Normal,Vehicle with vehicle collision,Other,Not a Pedestrian,No distancing,2,Friday,15
18-30,M,Elementary school,Employee,5-10yr,other,Y Shape,Asphalt roads,Darkness - lights lit,Normal,Vehicle with vehicle collision,Going straight,Not a Pedestrian,Moving Backward,2,Tuesday,20
18-30,M,Unknown,Owner,5-10yr,other,Y Shape,Asphalt roads,Darkness - lights lit,Normal,Collision with pedestrians,Going straight,Not a Pedestrian,Moving Backward,2,Tuesday,20
18-30,M,Junior high school,Employee,5-10yr,Undivided Two way,Y Shape,Asphalt roads,Darkness - lights lit,Raining,Vehicle with vehicle collision,Other,Not a Pedestrian,No distancing,2,Sunday,18
18-30,M,Junior high school,Owner,5-10yr,Two-way (divided with broken lines road marking),No junction,Asphalt roads,Daylight,Normal,Vehicle with vehicle collision,Going straight,Not a Pedestrian,No distancing,2,Tuesday,9
51,M,Illiterate,Employee,2-5yr,Two-way (divided with broken lines road marking),No junction,Asphalt roads,Daylight,Normal,Collision with pedestrians,Turnover,Not a Pedestrian,No distancing,2,Tuesday,9
31-50,M,Junior high school,Employee,5-10yr,Undivided Two way,Crossing,Gravel roads,Darkness - lights lit,Normal,Collision with pedestrians,Going straight,Not a Pedestrian,No priority to pedestrian,2,Monday,19
18-30,M,Junior high school,Employee,Below 1yr,Undivided Two way,Crossing,Asphalt roads,Darkness - lights lit,Normal,Collision with pedestrians,Turnover,Not a Pedestrian,Driving carelessly,2,Monday,19
18-30,M,Junior high school,Employee,1-2yr,Two-way (divided with broken lines road marking),Crossing,Asphalt roads,Darkness - no lighting,Normal,Collision with roadside objects,Going straight,Not a Pedestrian,Changing lane to the right,2,Sunday,19
18-30,M,Elementary school,Employee,2-5yr,Two-way (divided with broken lines road marking),Crossing,Asphalt roads,Darkness - no lighting,Normal,Vehicle with vehicle collision,Moving Backward,Not a Pedestrian,Changing lane to the left,2,Sunday,19
18-30,M,Elementary school,Employee,2-5yr,Undivided Two way,Crossing,Asphalt roads,Darkness - no lighting,Normal,Vehicle with vehicle collision,Unknown,Not a Pedestrian,Driving carelessly,2,Sunday,19