Age_band_of_driver,sexe,Educational_level,Vehicle_driver_relation,Driving_experience,Lanes_or_Medians,Types_of_Junction,Road_surface_type,Light_conditions,Weather_conditions,Type_of_collision,Vehicle_movement,Pedestrian_movement,Cause_of_accident,Accident_severity,Day_of_week,hour
18-30,M,Junior high school,Employee,Below 1yr,Undivided Two way,Unknown,Asphalt roads,Daylight,Normal,Vehicle with vehicle collision,Moving Backward,Crossing from nearside - masked by parked or statioNot a Pedestrianry vehicle,Driving under the influence of drugs,2,Tuesday,12
31-50,M,Elementary school,Employee,5-10yr,One way,Unknown,Asphalt roads,Daylight,Normal,Vehicle with vehicle collision,Going straight,Crossing from driver's nearside,Changing lane to the right,2,Thursday,8
18-30,M,Junior high school,Employee,2-5yr,other,Unknown,Asphalt roads,Daylight,Normal,Vehicle with vehicle collision,Going straight,Not a Pedestrian,Changing lane to the right,2,Thursday,8
18-30,M,Junior high school,Employee,5-10yr,Double carriageway (median),Unknown,Asphalt roads,Darkness - lights lit,Normal,Vehicle with vehicle collision,Going straight,Not a Pedestrian,Changing lane to the right,2,Tuesday,8
31-50,M,Elementary school,Employee,5-10yr,other,Unknown,Asphalt roads,Daylight,Normal,Collision with pedestrians,Going straight,Not a Pedestrian,Changing lane to the right,2,Tuesday,15
31-50,M,Junior high school,Employee,Above 10yr,Two-way (divided with broken lines road marking),Unknown,Asphalt roads,Daylight,Normal,Vehicle with vehicle collision,Going straight,Not a Pedestrian,Moving Backward,2,Tuesday,15
18-30,M,Junior high school,Employee,1-2yr,One way,Unknown,Asphalt roads,Daylight,Raining,Vehicle with vehicle collision,Going straight,Not a Pedestrian,No distancing,2,Sunday,18
51,M,High school,Employee,Below 1yr,Undivided Two way,Unknown,Asphalt roads,Daylight,Raining,Vehicle with vehicle collision,Turnover,Not a Pedestrian,Overspeed,2,Sunday,18
51,M,Elementary school,Employee,Above 10yr,other,Unknown,Asphalt roads,Daylight,Raining,Vehicle with vehicle collision,Going straight,Not a Pedestrian,No distancing,2,Monday,9
51,M,High school,Owner,1-2yr,Undivided Two way,Unknown,Asphalt roads with some distress,Daylight,Raining,Vehicle with vehicle collision,Other,Not a Pedestrian,Driving carelessly,2,Monday,9
31-50,M,Junior high school,Employee,2-5yr,Double carriageway (median),Unknown,Asphalt roads,Daylight,Normal,Vehicle with vehicle collision,Going straight,Not a Pedestrian,No distancing,2,Wednesday,20
31-50,M,Unknown,Employee,5-10yr,Two-way (divided with broken lines road marking),Unknown,Asphalt roads,Daylight,Normal,Vehicle with vehicle collision,Going straight,Not a Pedestrian,No distancing,2,Monday,9
31-50,M,High school,Owner,2-5yr,Two-way (divided with broken lines road marking),Unknown,Asphalt roads,Darkness - lights lit,Normal,Vehicle with vehicle collision,Going straight,Not a Pedestrian,No distancing,2,Monday,9
Unknown,F,High school,Employee,Above 10yr,Two-way (divided with broken lines road marking),Unknown,Asphalt roads,Darkness - lights lit,Normal,Collision with pedestrians,Going straight,Not a Pedestrian,Changing lane to the right,2,Monday,9
51,M,Junior high school,Employee,1-2yr,Two-way (divided with broken lines road marking),Unknown,Asphalt roads,Daylight,Raining,Vehicle with vehicle collision,Going straight,Not a Pedestrian,No distancing,2,Wednesday,20
18-30,F,Elementary school,Employee,1-2yr,Double carriageway (median),Unknown,Asphalt roads,Daylight,Raining,Vehicle with vehicle collision,Moving Backward,Not a Pedestrian,No priority to vehicle,2,Tuesday,11
18-30,M,High school,Employee,1-2yr,Double carriageway (median),Unknown,Asphalt roads,Daylight,Raining,Vehicle with vehicle collision,Moving Backward,Not a Pedestrian,Changing lane to the left,2,Tuesday,11
Under 18,M,Above high school,Employee,5-10yr,Undivided Two way,Unknown,Asphalt roads,Darkness - lights lit,Cloudy,Vehicle with vehicle collision,Moving Backward,Not a Pedestrian,Moving Backward,2,Tuesday,11
Under 18,M,Unknown,Unknown,Unknown,One way,Unknown,Asphalt roads,Darkness - lights lit,Cloudy,Collision with roadside objects,Other,Not a Pedestrian,Driving carelessly,2,Tuesday,11
Under 18,M,Junior high school,Employee,5-10yr,Undivided Two way,Unknown,Asphalt roads,Darkness - lights lit,Raining,Vehicle with vehicle collision,Going straight,Not a Pedestrian,Changing lane to the left,2,Tuesday,11
31-50,M,Elementary school,Owner,5-10yr,Two-way (divided with broken lines road marking),Unknown,Asphalt roads,Darkness - lights lit,Raining,Vehicle with vehicle collision,Unknown,Not a Pedestrian,No priority to pedestrian,2,Tuesday,11
18-30,M,Elementary school,Employee,5-10yr,Two-way (divided with broken lines road marking),Unknown,Asphalt roads,Daylight,Raining,Vehicle with vehicle collision,Turnover,Not a Pedestrian,No distancing,2,Tuesday,11
31-50,M,High school,Owner,5-10yr,Undivided Two way,Unknown,Asphalt roads,Daylight,Raining,Vehicle with vehicle collision,Getting off,Not a Pedestrian,No distancing,2,Saturday,14
18-30,M,Junior high school,Employee,5-10yr,Double carriageway (median),Unknown,Asphalt roads,Daylight,Raining,Vehicle with vehicle collision,Going straight,Not a Pedestrian,Overturning,2,Saturday,14
51,M,Junior high school,Owner,1-2yr,Two-way (divided with broken lines road marking),Unknown,Asphalt roads,Daylight,Raining,Vehicle with vehicle collision,Going straight,Not a Pedestrian,No distancing,1,Friday,20
51,M,Junior high school,Employee,2-5yr,Two-way (divided with broken lines road marking),Unknown,Asphalt roads,Daylight,Normal,Vehicle with vehicle collision,Going straight,Not a Pedestrian,Drunk driving,2,Friday,20
51,M,Junior high school,Owner,5-10yr,Two-way (divided with broken lines road marking),Unknown,Asphalt roads,Daylight,Normal,Collision with roadside objects,Turnover,Not a Pedestrian,Moving Backward,2,Friday,20
51,M,Junior high school,Owner,Above 10yr,Two-way (divided with broken lines road marking),Unknown,Asphalt roads,Daylight,Normal,Vehicle with vehicle collision,Reversing,Not a Pedestrian,No priority to pedestrian,2,Friday,20
51,M,High school,Employee,5-10yr,Two-way (divided with broken lines road marking),Unknown,Asphalt roads,Daylight,Normal,Vehicle with vehicle collision,Moving Backward,Not a Pedestrian,Changing lane to the left,2,Friday,20
18-30,M,High school,Owner,2-5yr,Undivided Two way,Unknown,Gravel roads,Daylight,Normal,Vehicle with vehicle collision,Other,Not a Pedestrian,Changing lane to the left,2,Friday,20
18-30,M,Junior high school,Employee,5-10yr,other,Unknown,Asphalt roads,Darkness - lights lit,Windy,Vehicle with vehicle collision,Going straight,Not a Pedestrian,Getting off the vehicle improperly,2,Friday,19
18-30,M,Elementary school,Employee,2-5yr,Two-way (divided with broken lines road marking),Unknown,Asphalt roads,Darkness - lights lit,Normal,Rollover,Going straight,Not a Pedestrian,No distancing,1,Friday,19
51,M,Elementary school,Employee,5-10yr,Two-way (divided with broken lines road marking),Unknown,Asphalt roads,Darkness - lights lit,Normal,Vehicle with vehicle collision,Going straight,Not a Pedestrian,Changing lane to the right,2,Saturday,23
31-50,M,Junior high school,Employee,1-2yr,Double carriageway (median),Unknown,Asphalt roads,Darkness - lights lit,Normal,Vehicle with vehicle collision,Going straight,Not a Pedestrian,Changing lane to the right,2,Thursday,18
51,M,Junior high school,Employee,5-10yr,One way,Unknown,Asphalt roads,Darkness - lights lit,Normal,Collision with roadside objects,Going straight,Not a Pedestrian,Moving Backward,2,Monday,13
18-30,M,Unknown,Unknown,Unknown,Two-way (divided with broken lines road marking),Unknown,Asphalt roads,Darkness - lights lit,Normal,Vehicle with vehicle collision,Going straight,Not a Pedestrian,Driving at high speed,2,Monday,13
31-50,M,Elementary school,Employee,Above 10yr,Undivided Two way,Unknown,Asphalt roads,Darkness - lights lit,Normal,Vehicle with vehicle collision,Going straight,Not a Pedestrian,Changing lane to the left,2,Sunday,8
Unknown,M,Elementary school,Employee,Below 1yr,Undivided Two way,Unknown,Asphalt roads,Darkness - lights lit,Raining,Vehicle with vehicle collision,Going straight,Not a Pedestrian,Changing lane to the right,2,Sunday,8
Under 18,M,Junior high school,Employee,2-5yr,other,Unknown,Asphalt roads,Darkness - lights lit,Raining,Collision with roadside objects,Going straight,Not a Pedestrian,No distancing,2,Monday,8
18-30,M,Elementary school,Owner,1-2yr,Two-way (divided with broken lines road marking),Unknown,Asphalt roads,Daylight,Raining,Collision with roadside objects,Other,Not a Pedestrian,Changing lane to the right,2,Monday,8
18-30,M,Junior high school,Owner,5-10yr,Unknown,Unknown,Asphalt roads,Daylight,Raining,Vehicle with vehicle collision,Moving Backward,Not a Pedestrian,Changing lane to the right,2,Saturday,13
31-50,M,Junior high school,Employee,2-5yr,Two-way (divided with broken lines road marking),Unknown,Asphalt roads,Darkness - lights lit,Unknown,Vehicle with vehicle collision,Going straight,Not a Pedestrian,No distancing,2,Saturday,13
18-30,M,Junior high school,Employee,2-5yr,Two-way (divided with broken lines road marking),Unknown,Asphalt roads,Darkness - lights lit,Unknown,Collision with roadside objects,Moving Backward,Not a Pedestrian,Changing lane to the right,2,Saturday,16
Under 18,M,High school,Employee,2-5yr,Undivided Two way,Unknown,Asphalt roads,Darkness - lights unlit,Raining,Collision with roadside objects,Going straight,Crossing from driver's nearside,Driving carelessly,2,Saturday,16
51,M,Junior high school,Employee,Above 10yr,other,Unknown,Gravel roads,Darkness - lights unlit,Raining,Vehicle with vehicle collision,Moving Backward,Not a Pedestrian,Driving carelessly,2,Wednesday,10
18-30,M,Junior high school,Employee,2-5yr,Two-way (divided with broken lines road marking),Unknown,Asphalt roads,Daylight,Normal,Vehicle with vehicle collision,Unknown,Not a Pedestrian,Changing lane to the right,2,Monday,12
18-30,M,Junior high school,Employee,1-2yr,Two-way (divided with broken lines road marking),Unknown,Asphalt roads,Daylight,Normal,Vehicle with vehicle collision,Going straight,Not a Pedestrian,Overturning,2,Monday,12
18-30,M,Junior high school,Employee,2-5yr,Double carriageway (median),Unknown,Asphalt roads,Daylight,Normal,Collision with roadside objects,Going straight,Not a Pedestrian,Changing lane to the right,2,Monday,12
31-50,M,Junior high school,Employee,5-10yr,Two-way (divided with broken lines road marking),Unknown,Asphalt roads,Daylight,Normal,Vehicle with vehicle collision,Going straight,Not a Pedestrian,Moving Backward,2,Sunday,15
51,M,Junior high school,Employee,1-2yr,Double carriageway (median),Unknown,Earth roads,Daylight,Normal,Vehicle with vehicle collision,Going straight,Not a Pedestrian,No distancing,2,Sunday,15
51,M,Elementary school,Employee,1-2yr,Two-way (divided with broken lines road marking),Unknown,Asphalt roads,Darkness - lights lit,Normal,Vehicle with vehicle collision,Other,Not a Pedestrian,Overturning,2,Sunday,15
31-50,M,Junior high school,Employee,2-5yr,Double carriageway (median),Unknown,Asphalt roads,Darkness - lights lit,Normal,Rollover,Going straight,Not a Pedestrian,Driving carelessly,2,Sunday,14
51,M,Junior high school,Employee,Above 10yr,Two-way (divided with broken lines road marking),Unknown,Unknown,Darkness - lights lit,Normal,Vehicle with vehicle collision,Moving Backward,Not a Pedestrian,Changing lane to the right,2,Tuesday,17
Under 18,M,Junior high school,Employee,Below 1yr,Two-way (divided with broken lines road marking),Unknown,Gravel roads,Daylight,Normal,Vehicle with vehicle collision,Moving Backward,Crossing from driver's nearside,Driving at high speed,2,Tuesday,17
31-50,M,Junior high school,Employee,Above 10yr,other,Unknown,Asphalt roads,Darkness - lights lit,Normal,Collision with pedestrians,Moving Backward,Crossing from offside - masked by  parked or statioNot a Pedestrianry vehicle,Changing lane to the left,2,Tuesday,10
51,M,Elementary school,Owner,5-10yr,Undivided Two way,Unknown,Unknown,Darkness - lights lit,Normal,Vehicle with vehicle collision,Going straight,Not a Pedestrian,Driving carelessly,2,Tuesday,10
31-50,M,Elementary school,Employee,Above 10yr,Undivided Two way,Unknown,Asphalt roads,Darkness - lights lit,Normal,Vehicle with vehicle collision,Going straight,Not a Pedestrian,No distancing,2,Monday,14
51,M,Junior high school,Employee,1-2yr,Undivided Two way,Unknown,Earth roads,Darkness - lights unlit,Normal,Vehicle with vehicle collision,Going straight,Not a Pedestrian,Moving Backward,2,Monday,14
Unknown,M,Unknown,Unknown,Unknown,Two-way (divided with broken lines road marking),Unknown,Asphalt roads,Darkness - lights unlit,Normal,Vehicle with vehicle collision,Going straight,Crossing from nearside - masked by parked or statioNot a Pedestrianry vehicle,No priority to pedestrian,2,Monday,14
18-30,M,High school,Owner,5-10yr,Undivided Two way,Unknown,Asphalt roads,Darkness - lights lit,Windy,Collision with roadside objects,Other,Not a Pedestrian,Moving Backward,2,Saturday,13
18-30,M,Elementary school,Employee,2-5yr,Two-way (divided with broken lines road marking),Unknown,Asphalt roads,Darkness - lights lit,Normal,Vehicle with vehicle collision,Going straight,Not a Pedestrian,Changing lane to the right,2,Saturday,13
Unknown,X,Unknown,Unknown,Unknown,Undivided Two way,Unknown,Asphalt roads,Darkness - lights lit,Normal,Vehicle with vehicle collision,Going straight,Unknown or other,No distancing,2,Saturday,13
Unknown,M,Unknown,Unknown,Unknown,Two-way (divided with broken lines road marking),Unknown,Asphalt roads,Darkness - lights lit,Normal,Vehicle with vehicle collision,Going straight,Crossing from driver's nearside,Drunk driving,2,Wednesday,8
18-30,M,High school,Owner,1-2yr,Two-way (divided with broken lines road marking),Unknown,Earth roads,Darkness - lights lit,Normal,Vehicle with vehicle collision,Reversing,Not a Pedestrian,Changing lane to the right,2,Wednesday,8
18-30,M,Junior high school,Employee,1-2yr,Two-way (divided with broken lines road marking),Unknown,Asphalt roads,Darkness - lights lit,Normal,Collision with roadside objects,Moving Backward,Not a Pedestrian,Driving carelessly,1,Sunday,12
18-30,M,Junior high school,Employee,1-2yr,Undivided Two way,Unknown,Asphalt roads,Darkness - lights lit,Normal,Vehicle with vehicle collision,Going straight,Not a Pedestrian,Driving to the left,1,Sunday,12
Unknown,M,Junior high school,Employee,Above 10yr,Undivided Two way,Unknown,Asphalt roads,Daylight,Normal,Collision with roadside objects,Going straight,Not a Pedestrian,Changing lane to the right,2,Sunday,12
Unknown,M,Junior high school,Employee,1-2yr,Undivided Two way,Unknown,Asphalt roads,Daylight,Normal,Vehicle with vehicle collision,Reversing,Not a Pedestrian,Changing lane to the right,1,Sunday,12
18-30,M,High school,Owner,Above 10yr,other,Unknown,Asphalt roads,Darkness - lights lit,Raining,Rollover,Going straight,Not a Pedestrian,Driving carelessly,2,Sunday,20
31-50,M,Junior high school,Employee,Above 10yr,Undivided Two way,Unknown,Asphalt roads,Darkness - lights lit,Raining,Vehicle with vehicle collision,Reversing,Crossing from nearside - masked by parked or statioNot a Pedestrianry vehicle,Changing lane to the left,2,Sunday,20
31-50,M,Junior high school,Employee,1-2yr,Two-way (divided with solid lines road marking),Unknown,Asphalt roads,Darkness - lights lit,Cloudy,Vehicle with vehicle collision,Other,Not a Pedestrian,No priority to vehicle,2,Thursday,18
31-50,M,Junior high school,Employee,1-2yr,Two-way (divided with solid lines road marking),Unknown,Asphalt roads,Darkness - lights lit,Cloudy,Vehicle with vehicle collision,Unknown,Not a Pedestrian,Driving carelessly,2,Thursday,20
18-30,M,High school,Employee,2-5yr,Two-way (divided with solid lines road marking),Unknown,Asphalt roads,Daylight,Normal,Vehicle with vehicle collision,Going straight,Not a Pedestrian,Changing lane to the right,2,Thursday,20
31-50,M,Junior high school,Employee,2-5yr,Two-way (divided with solid lines road marking),Unknown,Asphalt roads,Daylight,Raining,Vehicle with vehicle collision,Going straight,Not a Pedestrian,Driving carelessly,2,Thursday,20
31-50,M,Junior high school,Employee,1-2yr,Two-way (divided with broken lines road marking),Unknown,Asphalt roads,Daylight,Raining,Collision with pedestrians,Going straight,Not a Pedestrian,Driving under the influence of drugs,2,Thursday,20
31-50,M,Elementary school,Employee,5-10yr,Undivided Two way,Unknown,Earth roads,Daylight,Normal,Rollover,Going straight,Not a Pedestrian,No distancing,2,Wednesday,10
31-50,M,Junior high school,Employee,5-10yr,Undivided Two way,Unknown,Asphalt roads,Daylight,Normal,Vehicle with vehicle collision,Going straight,Not a Pedestrian,Changing lane to the left,2,Wednesday,10
31-50,M,Junior high school,Employee,1-2yr,other,Unknown,Asphalt roads,Darkness - lights lit,Windy,Rollover,Going straight,Not a Pedestrian,No priority to vehicle,2,Wednesday,10
18-30,M,Elementary school,Other,5-10yr,Undivided Two way,Unknown,Asphalt roads,Darkness - lights lit,Raining,Vehicle with vehicle collision,Going straight,Not a Pedestrian,Moving Backward,2,Wednesday,20
18-30,M,Junior high school,Employee,2-5yr,Two-way (divided with broken lines road marking),Unknown,Asphalt roads,Darkness - lights lit,Raining,Vehicle with vehicle collision,Going straight,Not a Pedestrian,Moving Backward,2,Wednesday,20
18-30,M,Elementary school,Employee,5-10yr,Undivided Two way,Unknown,Other,Darkness - lights lit,Normal,Vehicle with vehicle collision,Going straight,Not a Pedestrian,No distancing,0,Wednesday,20
51,M,Junior high school,Employee,Above 10yr,Undivided Two way,Unknown,Gravel roads,Daylight,Raining,Fall from vehicles,Going straight,Not a Pedestrian,Changing lane to the right,2,Friday,11
31-50,M,Junior high school,Employee,Above 10yr,One way,Unknown,Gravel roads,Daylight,Raining,Vehicle with vehicle collision,Going straight,Not a Pedestrian,Changing lane to the right,2,Friday,11
31-50,M,Elementary school,Owner,2-5yr,Two-way (divided with broken lines road marking),Unknown,Asphalt roads,Darkness - lights lit,Other,Collision with roadside objects,Going straight,Not a Pedestrian,Moving Backward,2,Friday,11
31-50,M,Elementary school,Employee,5-10yr,Undivided Two way,Unknown,Asphalt roads,Darkness - lights lit,Other,Vehicle with vehicle collision,Going straight,Not a Pedestrian,Driving carelessly,2,Thursday,16
18-30,M,Junior high school,Owner,1-2yr,Two-way (divided with broken lines road marking),Unknown,Earth roads,Daylight,Normal,Vehicle with vehicle collision,Going straight,Not a Pedestrian,Driving under the influence of drugs,2,Thursday,16
31-50,M,Elementary school,Employee,Above 10yr,other,Unknown,Asphalt roads,Daylight,Normal,Vehicle with vehicle collision,Going straight,Not a Pedestrian,No distancing,2,Monday,13
18-30,M,Junior high school,Employee,5-10yr,Undivided Two way,Unknown,Asphalt roads,Daylight,Normal,Collision with pedestrians,Moving Backward,Not a Pedestrian,No distancing,2,Monday,13
31-50,M,Junior high school,Employee,2-5yr,One way,Unknown,Asphalt roads,Darkness - lights lit,Normal,Vehicle with vehicle collision,Going straight,Not a Pedestrian,No priority to vehicle,2,Friday,19
31-50,M,Elementary school,Employee,Above 10yr,Undivided Two way,Unknown,Asphalt roads,Darkness - lights lit,Normal,Vehicle with vehicle collision,Going straight,Not a Pedestrian,Driving to the left,2,Friday,19
Under 18,M,Junior high school,Employee,2-5yr,Undivided Two way,Unknown,Earth roads,Daylight,Normal,Vehicle with vehicle collision,Going straight,Not a Pedestrian,No priority to vehicle,2,Saturday,23
Under 18,M,Elementary school,Employee,Above 10yr,One way,Unknown,Asphalt roads,Daylight,Normal,Rollover,Unknown,Not a Pedestrian,No priority to vehicle,2,Saturday,23
Under 18,M,Junior high school,Employee,Above 10yr,Undivided Two way,Unknown,Asphalt roads,Daylight,Normal,Collision with roadside objects,Turnover,Not a Pedestrian,No priority to vehicle,1,Saturday,23
18-30,M,Junior high school,Employee,2-5yr,Two-way (divided with broken lines road marking),Unknown,Asphalt roads,Daylight,Normal,Vehicle with vehicle collision,Going straight,Not a Pedestrian,No distancing,2,Wednesday,9
31-50,M,Junior high school,Employee,Above 10yr,Two-way (divided with broken lines road marking),Unknown,Asphalt roads,Daylight,Normal,Vehicle with vehicle collision,Going straight,Not a Pedestrian,Moving Backward,2,Thursday,15
31-50,M,Junior high school,Employee,Above 10yr,other,Unknown,Asphalt roads,Darkness - lights lit,Normal,Collision with roadside objects,Going straight,Not a Pedestrian,Changing lane to the right,1,Thursday,15
Under 18,M,Junior high school,Employee,Below 1yr,Double carriageway (median),Unknown,Asphalt roads,Darkness - lights lit,Normal,Vehicle with vehicle collision,Going straight,Not a Pedestrian,Driving carelessly,2,Saturday,20
31-50,F,Junior high school,Owner,Above 10yr,Two-way (divided with broken lines road marking),Unknown,Asphalt roads,Daylight,Normal,Vehicle with vehicle collision,Going straight,Not a Pedestrian,Changing lane to the left,2,Wednesday,21
18-30,M,High school,Other,Above 10yr,Double carriageway (median),Unknown,Asphalt roads,Daylight,Normal,Vehicle with vehicle collision,Going straight,Not a Pedestrian,No distancing,2,Wednesday,21
Under 18,M,Junior high school,Employee,5-10yr,Double carriageway (median),Unknown,Asphalt roads,Daylight,Normal,Rollover,Going straight,Not a Pedestrian,Changing lane to the right,1,Saturday,21
Under 18,M,Elementary school,Unknown,Unknown,Double carriageway (median),Unknown,Asphalt roads,Darkness - lights lit,Unknown,Rollover,Going straight,Not a Pedestrian,Driving under the influence of drugs,1,Saturday,21
Under 18,M,Junior high school,Employee,5-10yr,Two-way (divided with broken lines road marking),Unknown,Earth roads,Darkness - lights lit,Unknown,Collision with pedestrians,Going straight,Not a Pedestrian,No distancing,1,Tuesday,5
Under 18,M,Junior high school,Employee,5-10yr,Unknown,Unknown,Asphalt roads,Daylight,Normal,Vehicle with vehicle collision,Turnover,Not a Pedestrian,Overturning,2,Tuesday,5
18-30,M,Junior high school,Owner,Below 1yr,One way,Unknown,Asphalt roads,Darkness - lights lit,Normal,Vehicle with vehicle collision,Unknown,Not a Pedestrian,No distancing,2,Tuesday,5
31-50,M,Junior high school,Employee,5-10yr,Undivided Two way,Unknown,Asphalt roads,Darkness - lights lit,Normal,Vehicle with vehicle collision,Reversing,Not a Pedestrian,Changing lane to the right,2,Monday,9
31-50,M,Elementary school,Employee,2-5yr,Unknown,Unknown,Asphalt roads,Daylight,Normal,Collision with pedestrians,Other,Not a Pedestrian,No priority to vehicle,2,Monday,9
Unknown,M,Junior high school,Owner,2-5yr,Two-way (divided with broken lines road marking),Unknown,Earth roads,Daylight,Normal,Collision with pedestrians,Going straight,Unknown or other,Changing lane to the right,1,Wednesday,18
Under 18,M,Elementary school,Employee,2-5yr,Two-way (divided with broken lines road marking),Unknown,Asphalt roads,Darkness - lights lit,Normal,Vehicle with vehicle collision,Going straight,Not a Pedestrian,Changing lane to the left,1,Wednesday,18
51,M,Junior high school,Owner,2-5yr,Two-way (divided with broken lines road marking),Unknown,Asphalt roads,Daylight,Normal,Vehicle with vehicle collision,Turnover,Not a Pedestrian,No distancing,0,Wednesday,16
18-30,M,Junior high school,Employee,Above 10yr,Two-way (divided with broken lines road marking),Unknown,Asphalt roads,Daylight,Normal,Vehicle with vehicle collision,Other,Unknown or other,No priority to pedestrian,0,Wednesday,16
31-50,M,Junior high school,Employee,2-5yr,Undivided Two way,Unknown,Asphalt roads,Daylight,Normal,Collision with roadside objects,Going straight,Not a Pedestrian,Driving carelessly,0,Tuesday,13
51,M,Junior high school,Employee,1-2yr,Undivided Two way,Unknown,Asphalt roads,Daylight,Normal,Vehicle with vehicle collision,Going straight,Not a Pedestrian,No distancing,0,Tuesday,13
Unknown,M,Junior high school,Employee,2-5yr,Two-way (divided with broken lines road marking),Unknown,Asphalt roads,Daylight,Normal,Collision with roadside objects,Other,Not a Pedestrian,Driving carelessly,2,Friday,20
Under 18,M,Junior high school,Employee,1-2yr,Two-way (divided with broken lines road marking),Unknown,Asphalt roads,Daylight,Normal,Vehicle with vehicle collision,Going straight,Crossing from driver's nearside,Driving carelessly,1,Friday,20
51,M,Junior high school,Employee,5-10yr,Two-way (divided with broken lines road marking),Unknown,Asphalt roads,Daylight,Normal,Vehicle with vehicle collision,Turnover,Not a Pedestrian,Moving Backward,1,Friday,19
Unknown,M,Junior high school,Employee,5-10yr,Undivided Two way,Unknown,Other,Daylight,Normal,Collision with roadside objects,Going straight,Not a Pedestrian,Overtaking,2,Saturday,12
31-50,M,Elementary school,Owner,2-5yr,Double carriageway (median),Unknown,Asphalt roads,Daylight,Normal,Vehicle with vehicle collision,Turnover,Not a Pedestrian,No priority to vehicle,2,Wednesday,18
31-50,M,Elementary school,Employee,Below 1yr,Two-way (divided with broken lines road marking),Unknown,Asphalt roads,Daylight,Normal,Vehicle with vehicle collision,Going straight,Not a Pedestrian,No priority to vehicle,2,Wednesday,18
31-50,M,Unknown,Unknown,Unknown,Undivided Two way,Unknown,Asphalt roads,Daylight,Normal,Collision with roadside objects,Moving Backward,Not a Pedestrian,Moving Backward,2,Wednesday,18
18-30,M,Junior high school,Employee,Above 10yr,other,Unknown,Asphalt roads,Daylight,Normal,Collision with roadside objects,Unknown,"Walking along in carriageway, back to traffic",Overtaking,18:12:00,,
18-30,M,High school,Employee,1-2yr,Undivided Two way,Unknown,Asphalt roads,Daylight,Normal,Vehicle with vehicle collision,Going straight,Not a Pedestrian,Changing lane to the left,2,Wednesday,7
18-30,M,Junior high school,Owner,5-10yr,Undivided Two way,Unknown,Asphalt roads,Daylight,Normal,Vehicle with vehicle collision,Going straight,Not a Pedestrian,Changing lane to the right,2,Wednesday,7
Under 18,M,Junior high school,Employee,1-2yr,Undivided Two way,Unknown,Asphalt roads,Daylight,Normal,Vehicle with vehicle collision,Reversing,Not a Pedestrian,Overtaking,2,Thursday,10
51,M,Junior high school,Employee,Above 10yr,One way,Unknown,Earth roads,Daylight,Normal,Vehicle with vehicle collision,Reversing,Not a Pedestrian,Overloading,2,Thursday,10
51,F,Junior high school,Employee,Below 1yr,Undivided Two way,Unknown,Asphalt roads,Daylight,Normal,Vehicle with vehicle collision,Reversing,Crossing from nearside - masked by parked or statioNot a Pedestrianry vehicle,Other,2,Saturday,23
18-30,M,Elementary school,Employee,2-5yr,Undivided Two way,Unknown,Asphalt roads,Daylight,Normal,Vehicle with vehicle collision,Going straight,Not a Pedestrian,No priority to vehicle,2,Sunday,0
18-30,M,Junior high school,Employee,5-10yr,Double carriageway (median),Unknown,Asphalt roads,Daylight,Normal,Vehicle with vehicle collision,Going straight,Not a Pedestrian,Changing lane to the right,2,Sunday,0
18-30,M,Elementary school,Employee,5-10yr,Two-way (divided with solid lines road marking),Unknown,Asphalt roads,Darkness - no lighting,Normal,Vehicle with vehicle collision,Going straight,Not a Pedestrian,Moving Backward,2,Monday,10
18-30,M,Junior high school,Owner,1-2yr,other,Unknown,Asphalt roads,Darkness - no lighting,Normal,Vehicle with vehicle collision,Going straight,Not a Pedestrian,Changing lane to the left,2,Monday,10
18-30,M,Junior high school,Employee,5-10yr,Undivided Two way,Unknown,Asphalt roads,Darkness - no lighting,Normal,Vehicle with vehicle collision,Moving Backward,Not a Pedestrian,No priority to pedestrian,2,Saturday,13
51,M,Unknown,Other,Unknown,other,Unknown,Asphalt roads,Darkness - no lighting,Normal,Vehicle with vehicle collision,Going straight,Not a Pedestrian,No distancing,2,Saturday,13
51,M,High school,Employee,2-5yr,other,Unknown,Asphalt roads,Daylight,Normal,Vehicle with vehicle collision,Moving Backward,Not a Pedestrian,No priority to vehicle,2,Saturday,13
18-30,M,Junior high school,Employee,1-2yr,other,Unknown,Asphalt roads,Daylight,Normal,Vehicle with vehicle collision,Moving Backward,Not a Pedestrian,No distancing,2,Monday,17
31-50,M,Junior high school,Employee,5-10yr,other,Unknown,Asphalt roads,Daylight,Other,Vehicle with vehicle collision,Going straight,Not a Pedestrian,No distancing,2,Monday,17
31-50,M,Junior high school,Employee,2-5yr,One way,Unknown,Asphalt roads,Daylight,Other,Vehicle with vehicle collision,Other,Not a Pedestrian,Moving Backward,2,Monday,17
31-50,M,Junior high school,Employee,No Licence,Two-way (divided with broken lines road marking),Unknown,Asphalt roads,Darkness - lights lit,Normal,Vehicle with vehicle collision,Going straight,Not a Pedestrian,Changing lane to the right,2,Monday,17
31-50,M,Junior high school,Employee,Above 10yr,other,Unknown,Asphalt roads,Darkness - lights lit,Normal,Vehicle with vehicle collision,Other,Not a Pedestrian,No priority to pedestrian,2,Friday,17
Under 18,M,Junior high school,Employee,Above 10yr,Undivided Two way,Unknown,Asphalt roads,Darkness - lights lit,Normal,Vehicle with vehicle collision,Going straight,Not a Pedestrian,Moving Backward,0,Friday,17